[
  {
    "id": 73,
    "title": "snipp",
    "description": "",
    "year": "2026",
    "category": "Uncategorized",
    "image": "http://localhost:3005/images/1769317906466-939242741.mp4",
    "type": "video",
    "video": "http://localhost:3005/images/1769317914090-509270546.mp4"
  },
  {
    "id": 10,
    "title": "1",
    "description": "",
    "year": "2026",
    "category": "Uncategorized",
    "image": "http://localhost:3005/images/1769312343307-467593007.png"
  },
  {
    "id": 11,
    "title": "2",
    "description": "",
    "year": "2026",
    "category": "Uncategorized",
    "image": "http://localhost:3005/images/1769312343599-683718736.png"
  },
  {
    "id": 12,
    "title": "3",
    "description": "",
    "year": "2026",
    "category": "Uncategorized",
    "image": "http://localhost:3005/images/1769312343746-373906675.png"
  },
  {
    "id": 13,
    "title": "4",
    "description": "",
    "year": "2026",
    "category": "Uncategorized",
    "image": "http://localhost:3005/images/1769312344066-9754890.png"
  },
  {
    "id": 14,
    "title": "5",
    "description": "",
    "year": "2026",
    "category": "Uncategorized",
    "image": "http://localhost:3005/images/1769312344388-414099004.png"
  },
  {
    "id": 15,
    "title": "стоа кек",
    "description": "",
    "year": "2026",
    "category": "Uncategorized",
    "image": "http://localhost:3005/images/1769312344759-181068334.png"
  },
  {
    "id": 16,
    "title": "тату01",
    "description": "",
    "year": "2026",
    "category": "Uncategorized",
    "image": "http://localhost:3005/images/1769312345142-897681908.png"
  },
  {
    "id": 17,
    "title": "угсиук",
    "description": "",
    "year": "2026",
    "category": "Uncategorized",
    "image": "http://localhost:3005/images/1769312345398-715164600.png"
  },
  {
    "id": 18,
    "title": "astraboi001",
    "description": "",
    "year": "2026",
    "category": "Uncategorized",
    "image": "http://localhost:3005/images/1769312345661-661707876.png"
  },
  {
    "id": 19,
    "title": "bfjvrdr44",
    "description": "",
    "year": "2026",
    "category": "Uncategorized",
    "image": "http://localhost:3005/images/1769312345944-521877838.png"
  },
  {
    "id": 20,
    "title": "dc593936-a8a1-4cf2-97bd-f5ffcef8dacd",
    "description": "",
    "year": "2026",
    "category": "Uncategorized",
    "image": "http://localhost:3005/images/1769312345986-113631868.jpg"
  },
  {
    "id": 21,
    "title": "dvh4774",
    "description": "",
    "year": "2026",
    "category": "Uncategorized",
    "image": "http://localhost:3005/images/1769312346193-752727550.png"
  },
  {
    "id": 22,
    "title": "ero23232311",
    "description": "",
    "year": "2026",
    "category": "Uncategorized",
    "image": "http://localhost:3005/images/1769312346435-340800588.png"
  },
  {
    "id": 23,
    "title": "harakeyry01",
    "description": "",
    "year": "2026",
    "category": "Uncategorized",
    "image": "http://localhost:3005/images/1769312346649-431044337.png"
  },
  {
    "id": 24,
    "title": "hhhh",
    "description": "",
    "year": "2026",
    "category": "Uncategorized",
    "image": "http://localhost:3005/images/1769312346921-206828601.png"
  },
  {
    "id": 25,
    "title": "IMG_0197",
    "description": "",
    "year": "2026",
    "category": "Uncategorized",
    "image": "http://localhost:3005/images/1769312347271-481302873.PNG"
  },
  {
    "id": 26,
    "title": "IMG_0296",
    "description": "",
    "year": "2026",
    "category": "Uncategorized",
    "image": "http://localhost:3005/images/1769312347572-945997684.PNG"
  },
  {
    "id": 27,
    "title": "IMG_0653",
    "description": "",
    "year": "2026",
    "category": "Uncategorized",
    "image": "http://localhost:3005/images/1769312347727-2879207.PNG"
  },
  {
    "id": 28,
    "title": "IMG_0972",
    "description": "",
    "year": "2026",
    "category": "Uncategorized",
    "image": "http://localhost:3005/images/1769312348078-273038592.PNG"
  },
  {
    "id": 29,
    "title": "IMG_0973",
    "description": "",
    "year": "2026",
    "category": "Uncategorized",
    "image": "http://localhost:3005/images/1769312348432-964009249.PNG"
  },
  {
    "id": 30,
    "title": "IMG_1607",
    "description": "",
    "year": "2026",
    "category": "Uncategorized",
    "image": "http://localhost:3005/images/1769312348694-137573190.PNG"
  },
  {
    "id": 31,
    "title": "IMG_1608",
    "description": "",
    "year": "2026",
    "category": "Uncategorized",
    "image": "http://localhost:3005/images/1769312348918-983493588.PNG"
  },
  {
    "id": 32,
    "title": "IMG_1658",
    "description": "",
    "year": "2026",
    "category": "Uncategorized",
    "image": "http://localhost:3005/images/1769312349161-981539862.PNG"
  },
  {
    "id": 33,
    "title": "IMG_1921",
    "description": "",
    "year": "2026",
    "category": "Uncategorized",
    "image": "http://localhost:3005/images/1769312349286-406237293.PNG"
  },
  {
    "id": 34,
    "title": "IMG_3515",
    "description": "",
    "year": "2026",
    "category": "Uncategorized",
    "image": "http://localhost:3005/images/1769312349708-146789160.PNG"
  },
  {
    "id": 35,
    "title": "IMG_3516",
    "description": "",
    "year": "2026",
    "category": "Uncategorized",
    "image": "http://localhost:3005/images/1769312350078-408518215.PNG"
  },
  {
    "id": 36,
    "title": "IMG_3626",
    "description": "",
    "year": "2026",
    "category": "Uncategorized",
    "image": "http://localhost:3005/images/1769312350535-518268202.PNG"
  },
  {
    "id": 37,
    "title": "IMG_3786",
    "description": "",
    "year": "2026",
    "category": "Uncategorized",
    "image": "http://localhost:3005/images/1769312350932-602865513.PNG"
  },
  {
    "id": 38,
    "title": "IMG_4422",
    "description": "",
    "year": "2026",
    "category": "Uncategorized",
    "image": "http://localhost:3005/images/1769312351294-476352382.PNG"
  },
  {
    "id": 39,
    "title": "IMG_4503",
    "description": "",
    "year": "2026",
    "category": "Uncategorized",
    "image": "http://localhost:3005/images/1769312351630-633799941.PNG"
  },
  {
    "id": 40,
    "title": "IMG_4764",
    "description": "",
    "year": "2026",
    "category": "Uncategorized",
    "image": "http://localhost:3005/images/1769312351839-160521143.PNG"
  },
  {
    "id": 41,
    "title": "IMG_4765",
    "description": "",
    "year": "2026",
    "category": "Uncategorized",
    "image": "http://localhost:3005/images/1769312352214-22922940.PNG"
  },
  {
    "id": 42,
    "title": "IMG_4766",
    "description": "",
    "year": "2026",
    "category": "Uncategorized",
    "image": "http://localhost:3005/images/1769312352607-422248990.PNG"
  },
  {
    "id": 43,
    "title": "IMG_4855",
    "description": "",
    "year": "2026",
    "category": "Uncategorized",
    "image": "http://localhost:3005/images/1769312352801-536977753.PNG"
  },
  {
    "id": 44,
    "title": "IMG_4870",
    "description": "",
    "year": "2026",
    "category": "Uncategorized",
    "image": "http://localhost:3005/images/1769312353081-24423943.PNG"
  },
  {
    "id": 45,
    "title": "IMG_5013",
    "description": "",
    "year": "2026",
    "category": "Uncategorized",
    "image": "http://localhost:3005/images/1769312353433-909216572.PNG"
  },
  {
    "id": 46,
    "title": "IMG_5432",
    "description": "",
    "year": "2026",
    "category": "Uncategorized",
    "image": "http://localhost:3005/images/1769312353701-503741554.PNG"
  },
  {
    "id": 47,
    "title": "IMG_6119",
    "description": "",
    "year": "2026",
    "category": "Uncategorized",
    "image": "http://localhost:3005/images/1769312353902-868974532.PNG"
  },
  {
    "id": 48,
    "title": "IMG_6944",
    "description": "",
    "year": "2026",
    "category": "Uncategorized",
    "image": "http://localhost:3005/images/1769312354362-875365227.PNG"
  },
  {
    "id": 49,
    "title": "IMG_7108",
    "description": "",
    "year": "2026",
    "category": "Uncategorized",
    "image": "http://localhost:3005/images/1769312354646-131779209.PNG"
  },
  {
    "id": 50,
    "title": "IMG_7494",
    "description": "",
    "year": "2026",
    "category": "Uncategorized",
    "image": "http://localhost:3005/images/1769312354866-128054009.PNG"
  },
  {
    "id": 51,
    "title": "IMG_7855",
    "description": "",
    "year": "2026",
    "category": "Uncategorized",
    "image": "http://localhost:3005/images/1769312355058-658164818.PNG"
  },
  {
    "id": 52,
    "title": "IMG_8790",
    "description": "",
    "year": "2026",
    "category": "Uncategorized",
    "image": "http://localhost:3005/images/1769312355398-21331376.PNG"
  },
  {
    "id": 53,
    "title": "IMG_8899",
    "description": "",
    "year": "2026",
    "category": "Uncategorized",
    "image": "http://localhost:3005/images/1769312355779-239409156.PNG"
  },
  {
    "id": 54,
    "title": "IMG_9084",
    "description": "",
    "year": "2026",
    "category": "Uncategorized",
    "image": "http://localhost:3005/images/1769312356019-868009913.PNG"
  },
  {
    "id": 55,
    "title": "IMG_9085",
    "description": "",
    "year": "2026",
    "category": "Uncategorized",
    "image": "http://localhost:3005/images/1769312356246-673603572.PNG"
  },
  {
    "id": 56,
    "title": "IMG_9255",
    "description": "",
    "year": "2026",
    "category": "Uncategorized",
    "image": "http://localhost:3005/images/1769312356436-700381727.PNG"
  },
  {
    "id": 57,
    "title": "IMG_9447",
    "description": "",
    "year": "2026",
    "category": "Uncategorized",
    "image": "http://localhost:3005/images/1769312356587-926174753.PNG"
  },
  {
    "id": 58,
    "title": "IMG_9850",
    "description": "",
    "year": "2026",
    "category": "Uncategorized",
    "image": "http://localhost:3005/images/1769312356860-798926303.PNG"
  },
  {
    "id": 59,
    "title": "iner494",
    "description": "",
    "year": "2026",
    "category": "Uncategorized",
    "image": "http://localhost:3005/images/1769312357102-890177937.png"
  },
  {
    "id": 60,
    "title": "iufw098",
    "description": "",
    "year": "2026",
    "category": "Uncategorized",
    "image": "http://localhost:3005/images/1769312357287-59038893.png"
  },
  {
    "id": 61,
    "title": "jkatya01",
    "description": "",
    "year": "2026",
    "category": "Uncategorized",
    "image": "http://localhost:3005/images/1769312357418-604629572.png"
  },
  {
    "id": 62,
    "title": "jkvre",
    "description": "",
    "year": "2026",
    "category": "Uncategorized",
    "image": "http://localhost:3005/images/1769312357718-715859429.png"
  },
  {
    "id": 63,
    "title": "khcbas",
    "description": "",
    "year": "2026",
    "category": "Uncategorized",
    "image": "http://localhost:3005/images/1769312357936-608236040.png"
  },
  {
    "id": 64,
    "title": "ktylhy01",
    "description": "",
    "year": "2026",
    "category": "Uncategorized",
    "image": "http://localhost:3005/images/1769312358100-181163789.png"
  },
  {
    "id": 65,
    "title": "kvjrer44",
    "description": "",
    "year": "2026",
    "category": "Uncategorized",
    "image": "http://localhost:3005/images/1769312358274-354827635.png"
  },
  {
    "id": 66,
    "title": "pain1",
    "description": "",
    "year": "2026",
    "category": "Uncategorized",
    "image": "http://localhost:3005/images/1769312358673-1936713.png"
  },
  {
    "id": 67,
    "title": "rjejegre3",
    "description": "",
    "year": "2026",
    "category": "Uncategorized",
    "image": "http://localhost:3005/images/1769312358919-657297408.png"
  },
  {
    "id": 68,
    "title": "sdfb vjdf",
    "description": "",
    "year": "2026",
    "category": "Uncategorized",
    "image": "http://localhost:3005/images/1769312359164-488335828.png"
  },
  {
    "id": 69,
    "title": "svsvr01",
    "description": "",
    "year": "2026",
    "category": "Uncategorized",
    "image": "http://localhost:3005/images/1769312359393-406347363.png"
  },
  {
    "id": 70,
    "title": "time01",
    "description": "",
    "year": "2026",
    "category": "Uncategorized",
    "image": "http://localhost:3005/images/1769312359661-549561811.png"
  },
  {
    "id": 71,
    "title": "wiurebv",
    "description": "",
    "year": "2026",
    "category": "Uncategorized",
    "image": "http://localhost:3005/images/1769312359908-314691151.png"
  },
  {
    "id": 72,
    "title": "yyyuey",
    "description": "",
    "year": "2026",
    "category": "Uncategorized",
    "image": "http://localhost:3005/images/1769312360074-417754616.png"
  },
  {
    "id": 2,
    "title": "6d14c25a06c08b75ec039f3ec5d1f89a",
    "description": "",
    "year": "2026",
    "category": "Uncategorized",
    "image": "http://localhost:3005/images/1769312294677-232265447.png"
  },
  {
    "id": 3,
    "title": "аомггк",
    "description": "",
    "year": "2026",
    "category": "Uncategorized",
    "image": "http://localhost:3005/images/1769312295040-560975513.png"
  },
  {
    "id": 4,
    "title": "гкге54",
    "description": "",
    "year": "2026",
    "category": "Uncategorized",
    "image": "http://localhost:3005/images/1769312295255-463412137.png"
  },
  {
    "id": 5,
    "title": "гшуке",
    "description": "",
    "year": "2026",
    "category": "Uncategorized",
    "image": "http://localhost:3005/images/1769312295427-373233038.png"
  }
]